{
  "version": "1.1",
  "source": "financialNumbers.xlsx / sheet: 5. Finance Parameters (Numbers)",
  "banks": {
    "RHB (SME)": {
      "models": {
        "financial": {
          "enabled": true,
          "min_dscr": 1.0,
          "formula_text": "DSCR financial model = EBITDA (latest audit report or latest management account)/Total existing financing + proposed financing\n\nnote: if latest management account, need to submit the audited report for C.P"
        },
        "non_financial": {
          "enabled": true,
          "min_dscr": 1.0,
          "formula_text": "1.DSCR non financial model = Total annualized Turnover X Income Factor/Total existing financing + proposed financing"
        }
      },
      "eligibility_notes": "1.DSCR non financial model = Total annualized Turnover X Income Factor/Total existing financing repayment + proposed financing repayment\n\n2.DSCR financial model = EBITDA (latest audit report/management account) / total existing financing repayment + proposed financing repayment\n(can use management account to calculate, subject to audited report to be furnished as per CP, with variance not more than 10-15%)\n\nbased on scoring, minimum 1x to 1.25x for target sector, minimum 1.25x to 1.5x for high risk sector",
      "projected_requirement_notes": "not applicable",
      "classification": "Classification RHB"
    },
    "Maybank": {
      "models": {
        "financial": {
          "enabled": true,
          "min_dscr": 1.0,
          "formula_text": "DSCR financial model = EBITDA (latest audit report) / total existing financing repayment + proposed financing repayment\n\nminimum 1x"
        },
        "non_financial": {
          "enabled": true,
          "min_dscr": 1.0,
          "formula_text": "DSCR non financial model = Total annualized Turnover X Income Factor/Total existing financing repayment + proposed financing repayment (Note: not applicable if the annualized credit turnover is 20% higher VS sales in the latest audit report)\n\nminimum 1x"
        }
      },
      "eligibility_notes": "1.DSCR non financial model = Total annualized Turnover X Income Factor/Total existing financing repayment + proposed financing repayment (Note: not applicable when the annualized turnover bank statement is more than 20% VS sales in the audited report)\n\n2.DSCR financial model = EBITDA (latest audit report) /( total existing financing repayment  + proposed financing repayment)\n\nminimum 1x",
      "projected_requirement_notes": "",
      "classification": "Classification Maybank"
    },
    "CIMB Bank": {
      "models": {
        "financial": {
          "enabled": true,
          "min_dscr": 1.0,
          "formula_text": "DSCR financial model = EBITDA (to exclude \"Other Income\") / total existing financing + proposed financing"
        },
        "non_financial": {
          "enabled": true,
          "min_dscr": 1.5,
          "formula_text": "1. DSCR non financial model = total annualized turnover X income factor / total financing + proposed financing\n\n2. DSCR (bank statement ending balance), applicable to loan amount below 3mil, subject to DSCR based on EBITDA is minimum 0.5x\nDSCR = Average ending balance / total monthly commmitment (existing + proposed), must be at least 3x"
        }
      },
      "eligibility_notes": "3. DSCR (bank statement ending balance), applicable to loan amount below 3mil, subject to DSCR based on EBITDA is minimum 0.5x\nDSCR = Average ending balance / total monthly commmitment (existing + proposed), must be at least 3x\n\nFor CGC products, minimum 1x\nFor SJPP products, minimum 1.5x on non financial model, minimum 1x on financial model",
      "projected_requirement_notes": "not applicable",
      "classification": "Classification CIMB"
    },
    "Standard Chartered": {
      "models": {
        "financial": {
          "enabled": false,
          "min_dscr": null,
          "formula_text": "Not applicable"
        },
        "non_financial": {
          "enabled": true,
          "min_dscr": 1.25,
          "formula_text": "1. DSCR non financial model = (total financing + proposed financing / total annualized turnover X income factor) X 100%\n\n2. DSCR based on bank statement ending balance (LCR), by using average ending balance on 5th, 15th, 25th and last day of the month"
        }
      },
      "eligibility_notes": "L1 approval, must be 70% and below\nL2 approval, must be within 70 - 79%\n\nequivalent  1.25x to 1.43x for other banks",
      "projected_requirement_notes": "",
      "classification": "Classification Standard Chartered"
    },
    "SME Bank": {
      "models": {
        "financial": {
          "enabled": true,
          "min_dscr": 1.25,
          "formula_text": "Cash Surplus from Net Operating Cash Flow (Cash Flow Projection)/ Borrowings Commitment\n\nMinimum 1.25x"
        },
        "non_financial": {
          "enabled": false,
          "min_dscr": null,
          "formula_text": "not applicable"
        }
      },
      "eligibility_notes": "not applicable",
      "projected_requirement_notes": "must be above 1.25x except for contract financing",
      "classification": "Classification SME Bank"
    },
    "Bank Rakyat": {
      "models": {
        "financial": {
          "enabled": true,
          "min_dscr": 1.25,
          "formula_text": "EBITDA margin % Projection X projection of sales / Bank Borrowings@commtiments"
        },
        "non_financial": {
          "enabled": false,
          "min_dscr": null,
          "formula_text": "not applicable"
        }
      },
      "eligibility_notes": "not applicable",
      "projected_requirement_notes": "must be above 1.25x except for contract financing",
      "classification": "Classification Bank Rakyat"
    }
  }
}